-- V2__seed_user_tb.sql
-- seed data

-- 1) branch seed
INSERT INTO branch (branch_id, branch_name, phone, address_name) VALUES
(1,  '강남점',     '070-5092-5150', '서울 강남구 테헤란로2길 27 패스트파이브 5층'),
(2,  '강서점',     '070-4838-7800', '서울 강서구 마곡동로 56 건와빌딩 301호'),
(3,  '관악점',     '070-5092-5160', '서울 관악구 남부순환로 1799 5층 501호'),
(4,  '광주광천점', '070-5092-5360', '광주 서구 농성동 460-33 다나메디컬센터 12층'),
(5,  '광주수완점', '070-5092-5355', '광주광역시 광산구 수완동 1428번지 대현빌딩 201호'),
(6,  '노원점',     '070-5092-5220', '서울 노원구 노해로 452 노빌리안골드 빌딩 2층'),
(7,  '대구범어점', '070-5092-5330', '대구 수성구 동대구로 353 6층'),
(8,  '대구죽전점', '070-5092-5335', '대구광역시 달서구 죽전동 273-27 골든타워 602호'),
(9,  '대전둔산점', '070-5092-5375', '대전 서구 대덕대로 183 DS클리닉 9층'),
(10, '대전유성점', '070-5092-5380', '대전광역시 유성구 도안대로 591 명동프라자 2층'),
(11, '동탄점',     '070-4838-7820', '경기 화성시 동탄반석로 172 2층 207~212호'),
(12, '마포점',     '070-5092-5215', '서울 마포구 마포대로 63-8 삼창프라자빌딩 2층'),
(13, '목동점',     '070-5092-5180', '서울 양천구 오목로 344 청학빌딩 2층'),
(14, '별내점',     '070-5092-5325', '경기도 남양주시 순화궁로 343 3층'),
(15, '부산서면점', '070-5092-5340', '부산진구 가야대로 785 인제메디컬센터 8층'),
(16, '부산센텀점', '070-5092-5385', '부산 해운대구 센텀2로 15 센텀브라이언빌딩 8층 801호'),
(17, '부천점',     '070-5092-5260', '경기 부천시 길주로 219  5층'),
(18, '분당점',     '070-5092-5270', '경기 성남시 분당구 황새울로360번길 27 2층'),
(19, '삼성점',     '070-5092-5190', '서울 강남구 삼성로 434 타워 지하 1층'),
(20, '서초점',     '070-5092-5255', '서울 서초구 사평대로22길 6  5층'),
(21, '성북점',     '070-5092-5240', '서울 성북구 동소문로 63 드림트리빌딩 b1층'),
(22, '성수점',     '070-5092-5175', '서울특별시 성동구 상원1길 22 3층'),
(23, '송도점',     '070-5092-5265', '인천광역시 연수구 신송로 161 3층'),
(24, '송파점',     '070-5092-5201', '서울 송파구 송파대로 145 2층'),
(25, '수원영통점', '070-5092-5280', '경기 수원시 영통구 봉영로 1569 뉴월드프라자 606호'),
(26, '수원인계점', '070-5092-5278', '수원시 팔달구 권광로 181, 5층 504-1호'),
(27, '수지구청점', '070-4838-7830', '경기 용인시 수지구 진산로 106 훼미리빌딩 6층'),
(28, '시청점',     '070-5092-5230', '서울 중구 서소문로 120 ENA Center 5층'),
(29, '여의도점',   '070-5092-5210', '서울 영등포구 여의대방로65길 6 센터빌딩 10층'),
(30, '왕십리점',   '070-4838-7810', '서울 성동구 고산자로 234 6층'),
(31, '울산점',     '070-5092-5350', '울산광역시 남구 삼산로 274 801호 울산점'),
(32, '은평점',     '070-5092-5250', '서울 은평구 연서로 222 유니온빌딩 7층'),
(33, '의정부점',   '070-5092-5290', '경기도 의정부시 시민로 65 낙원웨딩홀 8층'),
(34, '인천점',     '070-5092-5300', '인천 서구 가정동 184-3 벨라미2차 4층'),
(35, '일산점',     '070-5092-5310', '경기 고양시 일산동구 정발산로 21 제이3타워 2층'),
(36, '잠실점',     '070-5092-5245', '서울 송파구 올림픽로 114 (서경빌딩) 6층'),
(37, '전주점',     '070-4838-7825', '전라북도 전주시 완산구 홍산로 260 엠스퀘어 5층'),
(38, '창원점',     '070-5092-5395', '경남 창원시 성산구 중앙대로 114 5층'),
(39, '천안점',     '070-5092-5365', '충청남도 천안시 서북구 불당33길 24 8층'),
(40, '청주점',     '070-4838-7835', '청주시 흥덕구 가경동 2270번지 메리맘스 305호'),
(41, '평촌점',     '070-5092-5320', '경기 안양시 동안구 시민대로 202 에메랄드빌등 7층'),
(42, '본사',       '070-4838-7893', '서울시 강남구 삼성로 434 익성대치 지하2층, 14층, 15층');

-- 2) user_tb seed
-- ✅ user_tb에는 role(단수), is_active NOT NULL이므로 같이 넣어줌
INSERT INTO user_tb (user_id, username, password, name, phone, role, is_active, branch_id) VALUES
(1,  'juvis_gn',  '$2a$10$GKAsSBUgWm1t..iLnwcz0OLWyfbucb/mcV2LhesYSp3DLsGAZ.TBS', '강남점',     '070-5092-5150', 'BRANCH', 1, 1),
(2,  'juvis_gs',  '$2a$10$pWSSBced5FTnnhqu1RqtBOAtDrg5OZBYMzEbD9.gbR5c9k6NNEsAK', '강서점',     '070-4838-7800', 'BRANCH', 1, 2),
(3,  'juvis_ka',  '$2a$10$N9qo8uLOickgx2ZMRZoMyeIjZAgcfl7p92ldGxad68LJZdL17lhWy', '관악점',     '070-5092-5160', 'BRANCH', 1, 3),
(4,  'juvis_kj',  '$2a$10$N9qo8uLOickgx2ZMRZoMyeIjZAgcfl7p92ldGxad68LJZdL17lhWy', '광주광천점', '070-5092-5360', 'BRANCH', 1, 4),
(5,  'juvis_gjs', '$2a$10$N9qo8uLOickgx2ZMRZoMyeIjZAgcfl7p92ldGxad68LJZdL17lhWy', '광주수완점', '070-5092-5355', 'BRANCH', 1, 5),
(6,  'juvis_nw',  '$2a$10$N9qo8uLOickgx2ZMRZoMyeIjZAgcfl7p92ldGxad68LJZdL17lhWy', '노원점',     '070-5092-5220', 'BRANCH', 1, 6),
(7,  'juvis_dg',  '$2a$10$N9qo8uLOickgx2ZMRZoMyeIjZAgcfl7p92ldGxad68LJZdL17lhWy', '대구범어점', '070-5092-5330', 'BRANCH', 1, 7),
(8,  'juvis_dgj', '$2a$10$N9qo8uLOickgx2ZMRZoMyeIjZAgcfl7p92ldGxad68LJZdL17lhWy', '대구죽전점', '070-5092-5335', 'BRANCH', 1, 8),
(9,  'juvis_dj',  '$2a$10$N9qo8uLOickgx2ZMRZoMyeIjZAgcfl7p92ldGxad68LJZdL17lhWy', '대전둔산점', '070-5092-5375', 'BRANCH', 1, 9),
(10, 'juvis_dy',  '$2a$10$N9qo8uLOickgx2ZMRZoMyeIjZAgcfl7p92ldGxad68LJZdL17lhWy', '대전유성점', '070-5092-5380', 'BRANCH', 1, 10),
(11, 'juvis_dt',  '$2a$10$N9qo8uLOickgx2ZMRZoMyeIjZAgcfl7p92ldGxad68LJZdL17lhWy', '동탄점',     '070-4838-7820', 'BRANCH', 1, 11),
(12, 'juvis_mp',  '$2a$10$N9qo8uLOickgx2ZMRZoMyeIjZAgcfl7p92ldGxad68LJZdL17lhWy', '마포점',     '070-5092-5215', 'BRANCH', 1, 12),
(13, 'juvis_mo',  '$2a$10$N9qo8uLOickgx2ZMRZoMyeIjZAgcfl7p92ldGxad68LJZdL17lhWy', '목동점',     '070-5092-5180', 'BRANCH', 1, 13),
(14, 'juvis_bn',  '$2b$10$izNYsWXs8kUgfq/r2m8GmeiYbn8cMesOX/W.M/tSXBcG3MlP6fp.6', '별내점',     '070-5092-5325', 'BRANCH', 1, 14),
(15, 'juvis_bs',  '$2b$10$izNYsWXs8kUgfq/r2m8GmeiYbn8cMesOX/W.M/tSXBcG3MlP6fp.6', '부산서면점', '070-5092-5340', 'BRANCH', 1, 15),
(16, 'juvis_st',  '$2b$10$izNYsWXs8kUgfq/r2m8GmeiYbn8cMesOX/W.M/tSXBcG3MlP6fp.6', '부산센텀점', '070-5092-5385', 'BRANCH', 1, 16),
(17, 'juvis_bc',  '$2b$10$izNYsWXs8kUgfq/r2m8GmeiYbn8cMesOX/W.M/tSXBcG3MlP6fp.6', '부천점',     '070-5092-5260', 'BRANCH', 1, 17),
(18, 'juvis_bd',  '$2b$10$izNYsWXs8kUgfq/r2m8GmeiYbn8cMesOX/W.M/tSXBcG3MlP6fp.6', '분당점',     '070-5092-5270', 'BRANCH', 1, 18),
(19, 'juvis_sm',  '$2b$10$izNYsWXs8kUgfq/r2m8GmeiYbn8cMesOX/W.M/tSXBcG3MlP6fp.6', '삼성점',     '070-5092-5190', 'BRANCH', 1, 19),
(20, 'juvis_sc',  '$2b$10$izNYsWXs8kUgfq/r2m8GmeiYbn8cMesOX/W.M/tSXBcG3MlP6fp.6', '서초점',     '070-5092-5255', 'BRANCH', 1, 20),
(21, 'juvis_ss',  '$2b$10$izNYsWXs8kUgfq/r2m8GmeiYbn8cMesOX/W.M/tSXBcG3MlP6fp.6', '성북점',     '070-5092-5240', 'BRANCH', 1, 21),
(22, 'juvis_ssu', '$2b$10$izNYsWXs8kUgfq/r2m8GmeiYbn8cMesOX/W.M/tSXBcG3MlP6fp.6', '성수점',     '070-5092-5175', 'BRANCH', 1, 22),
(23, 'juvis_sd',  '$2b$10$izNYsWXs8kUgfq/r2m8GmeiYbn8cMesOX/W.M/tSXBcG3MlP6fp.6', '송도점',     '070-5092-5265', 'BRANCH', 1, 23),
(24, 'juvis_sp',  '$2b$10$izNYsWXs8kUgfq/r2m8GmeiYbn8cMesOX/W.M/tSXBcG3MlP6fp.6', '송파점',     '070-5092-5201', 'BRANCH', 1, 24),
(25, 'juvis_sw',  '$2b$10$izNYsWXs8kUgfq/r2m8GmeiYbn8cMesOX/W.M/tSXBcG3MlP6fp.6', '수원영통점', '070-5092-5280', 'BRANCH', 1, 25),
(26, 'juvis_si',  '$2b$10$izNYsWXs8kUgfq/r2m8GmeiYbn8cMesOX/W.M/tSXBcG3MlP6fp.6', '수원인계점', '070-5092-5278', 'BRANCH', 1, 26),
(27, 'juvis_sj',  '$2b$10$izNYsWXs8kUgfq/r2m8GmeiYbn8cMesOX/W.M/tSXBcG3MlP6fp.6', '수지구청점', '070-4838-7830', 'BRANCH', 1, 27),
(28, 'juvis_md',  '$2b$10$izNYsWXs8kUgfq/r2m8GmeiYbn8cMesOX/W.M/tSXBcG3MlP6fp.6', '시청점',     '070-5092-5230', 'BRANCH', 1, 28),
(29, 'juvis_yd',  '$2b$10$izNYsWXs8kUgfq/r2m8GmeiYbn8cMesOX/W.M/tSXBcG3MlP6fp.6', '여의도점',   '070-5092-5210', 'BRANCH', 1, 29),
(30, 'juvis_wsr', '$2b$10$izNYsWXs8kUgfq/r2m8GmeiYbn8cMesOX/W.M/tSXBcG3MlP6fp.6', '왕십리점',   '070-4838-7810', 'BRANCH', 1, 30),
(31, 'juvis_us',  '$2b$10$izNYsWXs8kUgfq/r2m8GmeiYbn8cMesOX/W.M/tSXBcG3MlP6fp.6', '울산점',     '070-5092-5350', 'BRANCH', 1, 31),
(32, 'juvis_ep',  '$2b$10$izNYsWXs8kUgfq/r2m8GmeiYbn8cMesOX/W.M/tSXBcG3MlP6fp.6', '은평점',     '070-5092-5250', 'BRANCH', 1, 32),
(33, 'juvis_ub',  '$2b$10$izNYsWXs8kUgfq/r2m8GmeiYbn8cMesOX/W.M/tSXBcG3MlP6fp.6', '의정부점',   '070-5092-5290', 'BRANCH', 1, 33),
(34, 'juvis_ic',  '$2b$10$izNYsWXs8kUgfq/r2m8GmeiYbn8cMesOX/W.M/tSXBcG3MlP6fp.6', '인천점',     '070-5092-5300', 'BRANCH', 1, 34),
(35, 'juvis_is',  '$2b$10$izNYsWXs8kUgfq/r2m8GmeiYbn8cMesOX/W.M/tSXBcG3MlP6fp.6', '일산점',     '070-5092-5310', 'BRANCH', 1, 35),
(36, 'juvis_js',  '$2b$10$izNYsWXs8kUgfq/r2m8GmeiYbn8cMesOX/W.M/tSXBcG3MlP6fp.6', '잠실점',     '070-5092-5245', 'BRANCH', 1, 36),
(37, 'juvis_jj',  '$2b$10$izNYsWXs8kUgfq/r2m8GmeiYbn8cMesOX/W.M/tSXBcG3MlP6fp.6', '전주점',     '070-4838-7825', 'BRANCH', 1, 37),
(38, 'juvis_cw',  '$2b$10$izNYsWXs8kUgfq/r2m8GmeiYbn8cMesOX/W.M/tSXBcG3MlP6fp.6', '창원점',     '070-5092-5395', 'BRANCH', 1, 38),
(39, 'juvis_cs',  '$2b$10$izNYsWXs8kUgfq/r2m8GmeiYbn8cMesOX/W.M/tSXBcG3MlP6fp.6', '천안점',     '070-5092-5365', 'BRANCH', 1, 39),
(40, 'juvis_cj',  '$2b$10$izNYsWXs8kUgfq/r2m8GmeiYbn8cMesOX/W.M/tSXBcG3MlP6fp.6', '청주점',     '070-4838-7835', 'BRANCH', 1, 40),
(41, 'juvis_pc',  '$2b$10$izNYsWXs8kUgfq/r2m8GmeiYbn8cMesOX/W.M/tSXBcG3MlP6fp.6', '평촌점',     '070-5092-5320', 'BRANCH', 1, 41),
(42, 'juvis_ct',  '$2b$10$izNYsWXs8kUgfq/r2m8GmeiYbn8cMesOX/W.M/tSXBcG3MlP6fp.6', '본사',       '070-4838-7893', 'HQ',     1, 42);

-- 3) maintenance_request seed
-- ✅ category는 ENUM 값 중 하나여야 함. (ETC/HVAC/... 중)
INSERT INTO maintenance_request
  (branch_id, requester_id, title, description,
   status, category, vendor_id,
   estimate_amount, estimate_comment,
   work_start_date, work_end_date,
   submitted_at, vendor_submitted_at,
   approved_by, approved_at,
   created_at)
VALUES
  (1,  1, '강남점 에어컨 고장', '상담실 에어컨에서 찬바람이 나오지 않음',
   'REQUESTED', 'HVAC', NULL,
   NULL, NULL,
   NULL, NULL,
   '2025-12-01 09:10:00', NULL,
   NULL, NULL,
   '2025-12-01 09:10:00'),

  (1, 1, '강남점 간판 조명 교체', '외부 간판 LED 일부 소등',
   'ESTIMATING', 'LIGHTING', 42,
   150000.00, 'LED 모듈 부분 교체 견적',
   '2025-12-05', '2025-12-05',
   '2025-12-02 11:00:00', '2025-12-03 14:00:00',
   NULL, NULL,
   '2025-12-02 11:00:00'),

  (1, 1, '강남점 화장실 수전 교체', '여자 화장실 세면대 수전에서 누수 발생',
   'COMPLETED', 'WATER_SUPPLY_DRAINAGE', 42,
   220000.00, '수전 교체 및 실리콘 재시공',
   '2025-11-25', '2025-11-25',
   '2025-11-20 10:00:00', '2025-11-21 15:30:00',
   42, '2025-11-22 09:00:00',
   '2025-11-20 10:00:00'),

  (2, 2, '강서점 출입문 힌지 소음', '자동문 열릴 때 금속 마찰음 크게 들림',
   'DRAFT', 'ETC', NULL,
   NULL, NULL,
   NULL, NULL,
   NULL, NULL,
   NULL, NULL,
   '2025-12-01 08:50:00'),

  (2, 2, '강서점 배선 정리 요청', '상담실 콘센트 주변 전선 노출',
   'REQUESTED', 'ELECTRICAL_COMMUNICATION', NULL,
   NULL, NULL,
   NULL, NULL,
   '2025-12-03 10:20:00', NULL,
   NULL, NULL,
   '2025-12-03 10:20:00'),

  (2, 2, '강서점 비상등 점검', '복도 비상등 2개 불점등',
   'APPROVAL_PENDING', 'SAFETY_HYGIENE', 42,
   80000.00, '비상등 등기구 2개 교체',
   '2025-12-07', '2025-12-07',
   '2025-12-04 09:30:00', '2025-12-05 13:10:00',
   42, '2025-12-06 16:00:00',
   '2025-12-04 09:30:00');
